{
    "usb_1": {
        "x": 0.089671875,
        "y": 0.24422916666666666,
        "dx": 0.04,
        "dy": 0.05,
        "w": 0.0,
        "h": 0.0
    },
    "usb_2": {
        "x": 0.088109375,
        "y": 0.5666666666666667,
        "dx": 0.04,
        "dy": 0.05,
        "w": 0.0,
        "h": 0.0
    },
    "RJ45_1": {
        "x": 0.10382812500000001,
        "y": 0.32964583333333336,
        "dx": 0.06,
        "dy": 0.07,
        "w": 0.0,
        "h": 0.0
    },
    "RJ45_2": {
        "x": 0.10400000000000001,
        "y": 0.6540833333333333,
        "dx": 0.06,
        "dy": 0.07,
        "w": 0.0,
        "h": 0.0
    },
    "crys1_1": {
        "x": 0.20725,
        "y": 0.17916666666666667,
        "dx": 0.03,
        "dy": 0.02,
        "w": 0.0,
        "h": 0.0
    },
    "crys1_2": {
        "x": 0.204296875,
        "y": 0.5066458333333334,
        "dx": 0.03,
        "dy": 0.02,
        "w": 0.0,
        "h": 0.0
    },
    "crys2_1": {
        "x": 0.1953125,
        "y": 0.26927083333333335,
        "dx": 0.03,
        "dy": 0.02,
        "w": 0.0,
        "h": 0.0
    },
    "crys2_2": {
        "x": 0.1953125,
        "y": 0.5973958333333333,
        "dx": 0.03,
        "dy": 0.02,
        "w": 0.0,
        "h": 0.0
    },
    "L1_1": {
        "x": 0.1505625,
        "y": 0.3233958333333333,
        "dx": 0.025,
        "dy": 0.035,
        "w": 0.0,
        "h": 0.0
    },
    "L1_2": {
        "x": 0.15234375,
        "y": 0.6510833333333333,
        "dx": 0.025,
        "dy": 0.035,
        "w": 0.0,
        "h": 0.0
    },
    "L2_1": {
        "x": 0.150953125,
        "y": 0.3994375,
        "dx": 0.025,
        "dy": 0.035,
        "w": 0.0,
        "h": 0.0
    },
    "L2_2": {
        "x": 0.153125,
        "y": 0.7270416666666667,
        "dx": 0.025,
        "dy": 0.035,
        "w": 0.0,
        "h": 0.0
    },
    "L3_1": {
        "x": 0.094140625,
        "y": 0.41710416666666666,
        "dx": 0.025,
        "dy": 0.035,
        "w": 0.0,
        "h": 0.0
    },
    "L3_2": {
        "x": 0.097875,
        "y": 0.74275,
        "dx": 0.025,
        "dy": 0.035,
        "w": 0.0,
        "h": 0.0
    },
    "C1_1": {
        "x": 0.181296875,
        "y": 0.32335416666666666,
        "dx": 0.025,
        "dy": 0.030,
        "w": 0.0,
        "h": 0.0
    },
    "C1_2": {
        "x": 0.180859375,
        "y": 0.6515625,
        "dx": 0.025,
        "dy": 0.030,
        "w": 0.0,
        "h": 0.0
    },
    "C2_1": {
        "x": 0.14453125,
        "y": 0.36302083333333335,
        "dx": 0.025,
        "dy": 0.030,
        "w": 0.0,
        "h": 0.0
    },
    "C2_2": {
        "x": 0.1484375,
        "y": 0.6916666666666667,
        "dx": 0.025,
        "dy": 0.030,
        "w": 0.0,
        "h": 0.0
    },
    "C3_1": {
        "x": 0.07421875,
        "y": 0.3963541666666667,
        "dx": 0.025,
        "dy": 0.030,
        "w": 0.0,
        "h": 0.0
    },
    "C3_2": {
        "x": 0.075,
        "y": 0.7192708333333333,
        "dx": 0.025,
        "dy": 0.030,
        "w": 0.0,
        "h": 0.0
    },
    "C4_1": {
        "x": 0.42578125,
        "y": 0.30091666666666667,
        "dx": 0.03,
        "dy": 0.04,
        "w": 0.0,
        "h": 0.0
    },
    "C4_2": {
        "x": 0.42678125,
        "y": 0.6358125,
        "dx": 0.03,
        "dy": 0.04,
        "w": 0.0,
        "h": 0.0
    },
    "C5_1": {
        "x": 0.118359375,
        "y": 0.3952291666666667,
        "dx": 0.03,
        "dy": 0.04,
        "w": 0.0,
        "h": 0.0
    },
    "C5_2": {
        "x": 0.12109375,
        "y": 0.7264791666666667,
        "dx": 0.03,
        "dy": 0.04,
        "w": 0.0,
        "h": 0.0
    },
    "c1_1": {
        "x": 0.453515625,
        "y": 0.20885416666666667,
        "dx": 0.02,
        "dy": 0.04,
        "w": 0.0,
        "h": 0.0
    },
    "c1_2": {
        "x": 0.454515625,
        "y": 0.5421458333333333,
        "dx": 0.02,
        "dy": 0.04,
        "w": 0.0,
        "h": 0.0
    },
    "c2_1": {
        "x": 0.48225,
        "y": 0.2088125,
        "dx": 0.02,
        "dy": 0.034,
        "w": 0.0,
        "h": 0.0
    },
    "c2_2": {
        "x": 0.48146875,
        "y": 0.5411041666666667,
        "dx": 0.02,
        "dy": 0.034,
        "w": 0.0,
        "h": 0.0
    },
    "c3_1": {
        "x": 0.50959375,
        "y": 0.2190625,
        "dx": 0.021,
        "dy": 0.034,
        "w": 0.0,
        "h": 0.0
    },
    "c3_2": {
        "x": 0.509765625,
        "y": 0.5525625,
        "dx": 0.021,
        "dy": 0.034,
        "w": 0.0,
        "h": 0.0
    },
    "c4_1": {
        "x": 0.478125,
        "y": 0.26345833333333335,
        "dx": 0.016,
        "dy": 0.05,
        "w": 0.0,
        "h": 0.0
    },
    "c4_2": {
        "x": 0.47890625,
        "y": 0.5968333333333333,
        "dx": 0.016,
        "dy": 0.05,
        "w": 0.0,
        "h": 0.0
    },
    "c5_1": {
        "x": 0.493796875,
        "y": 0.31454166666666666,
        "dx": 0.016,
        "dy": 0.05,
        "w": 0.0,
        "h": 0.0
    },
    "c5_2": {
        "x": 0.494359375,
        "y": 0.646875,
        "dx": 0.016,
        "dy": 0.05,
        "w": 0.0,
        "h": 0.0
    },
    "c6_1": {
        "x": 0.51059375,
        "y": 0.3723125,
        "dx": 0.02,
        "dy": 0.05,
        "w": 0.0,
        "h": 0.0
    },
    "c6_2": {
        "x": 0.510765625,
        "y": 0.7042083333333333,
        "dx": 0.02,
        "dy": 0.05,
        "w": 0.0,
        "h": 0.0
    },
    "c7_1": {
        "x": 0.511375,
        "y": 0.4166666666666667,
        "dx": 0.020,
        "dy": 0.038,
        "w": 0.0,
        "h": 0.0
    },
    "c7_2": {
        "x": 0.511765625,
        "y": 0.7505208333333333,
        "dx": 0.020,
        "dy": 0.038,
        "w": 0.0,
        "h": 0.0
    },
    "c8_1": {
        "x": 0.147265625,
        "y": 0.46297916666666666,
        "dx": 0.050,
        "dy": 0.026,
        "w": 0.0,
        "h": 0.0
    },
    "c8_2": {
        "x": 0.151171875,
        "y": 0.7905,
        "dx": 0.050,
        "dy": 0.026,
        "w": 0.0,
        "h": 0.0
    },
    "c9_1": {
        "x": 0.187328125,
        "y": 0.46297916666666666,
        "dx": 0.028,
        "dy": 0.026,
        "w": 0.0,
        "h": 0.0
    },
    "c9_2": {
        "x": 0.191671875,
        "y": 0.7905416666666667,
        "dx": 0.028,
        "dy": 0.026,
        "w": 0.0,
        "h": 0.0
    },
    "c10_1": {
        "x": 0.219359375,
        "y": 0.463375,
        "dx": 0.030,
        "dy": 0.026,
        "w": 0.0,
        "h": 0.0
    },
    "c10_2": {
        "x": 0.22365625,
        "y": 0.7905416666666667,
        "dx": 0.030,
        "dy": 0.026,
        "w": 0.0,
        "h": 0.0
    },
    "c11_1": {
        "x": 0.248875,
        "y": 0.46441666666666664,
        "dx": 0.030,
        "dy": 0.026,
        "w": 0.0,
        "h": 0.0
    },
    "c11_2": {
        "x": 0.253515625,
        "y": 0.7917083333333333,
        "dx": 0.030,
        "dy": 0.026,
        "w": 0.0,
        "h": 0.0
    },
    "c12_1": {
        "x": 0.28034375,
        "y": 0.46397916666666666,
        "dx": 0.030,
        "dy": 0.026,
        "w": 0.0,
        "h": 0.0
    },
    "c12_2": {
        "x": 0.28203125,
        "y": 0.7927083333333333,
        "dx": 0.030,
        "dy": 0.026,
        "w": 0.0,
        "h": 0.0
    },
    "c13_1": {
        "x": 0.3625,
        "y": 0.4628541666666667,
        "dx": 0.025,
        "dy": 0.026,
        "w": 0.0,
        "h": 0.0
    },
    "c13_2": {
        "x": 0.3645,
        "y": 0.7941458333333333,
        "dx": 0.025,
        "dy": 0.026,
        "w": 0.0,
        "h": 0.0
    },
    "c14_1": {
        "x": 0.389453125,
        "y": 0.4619375,
        "dx": 0.025,
        "dy": 0.026,
        "w": 0.0,
        "h": 0.0
    },
    "c14_2": {
        "x": 0.3890625,
        "y": 0.7941875,
        "dx": 0.025,
        "dy": 0.026,
        "w": 0.0,